id;start_date;end_date;language
1;2025-02-13T10:35:41;2025-02-13T10:19:12;FRENCH
2;2025-02-12T19:47:41;2025-02-13T12:57:26;SPANISH
3;2025-02-12T20:27:27;2025-02-13T10:51:43;SPANISH
4;2025-02-12T21:54:32;2025-02-13T07:49:17;ENGLISH
5;2025-02-12T15:37:50;2025-02-13T05:38:03;FRENCH
6;2025-02-12T20:52:44;2025-02-13T11:37:25;SPANISH
7;2025-02-13T08:16:50;2025-02-13T01:09:59;FRENCH
8;2025-02-12T21:52:22;2025-02-12T23:46:52;ENGLISH
9;2025-02-13T07:44:31;2025-02-12T17:38:35;FRENCH
10;2025-02-13T11:28:56;2025-02-12T20:38:25;FRENCH
